accuracy,epochs,loss_inicial,loss_final
0.9895,5,0.2015565717396932,0.05800253966881586
