accuracy,epochs,loss_inicial,loss_final
0.990075,15,0.25874664348104986,0.051565190827238316
