accuracy,epochs,loss_inicial,loss_final
0.990075,20,0.05298071926541297,0.049512660212029505
